{ "flights" : 
    { "123" : 
		{ "departureAirport" : "RDU",
		  "arrivalAirport" : "PIT",
		  "departureTime" : "5:00PM",
		  "arrivalTime" : "6:00PM",
		  "tickets" :
		  	{ "001" :
				{ "name" : "James King"}
			}
		},

	 "124" :
		{ "departureAirport" : "RDU",
		  "arrivalAirport" : "IAD",
		  "departureTime" : "7:00PM",
		  "arrivalTime" : "8:00PM",
		  "tickets" :
		  	{ "101" :
				{ "name" : "Mary Williams"}
			}
		}
	,
	 "125" :
		{ "departureAirport" : "RDU",
		  "arrivalAirport" : "ORD",
		  "departureTime" : "9:00PM",
		  "arrivalTime" : "11:00PM",
		  "tickets" :
		  	{ "201" :
				{ "name" : "Kelly Smith"}
			}
		}
	}	
}